,tmID,confID_EA,playoff,certainty
0,ATL,1.0,0,0.0
1,CHI,1.0,1,100.0
2,CON,1.0,1,100.0
3,IND,1.0,1,95.83333333333334
6,NYL,1.0,0,3.278688524590164
10,WAS,1.0,0,3.278688524590164
4,LAS,0.0,1,95.83333333333334
5,MIN,0.0,0,3.278688524590164
7,PHO,0.0,0,0.0
8,SAS,0.0,0,3.278688524590164
9,SEA,0.0,1,95.83333333333333
