,tmID,confID_EA,playoff,certainty
0,ATL,1.0,0,0.0
1,CHI,1.0,0,0.0
3,IND,1.0,1,100.0
6,NYL,1.0,1,100.0
7,ORL,1.0,1,100.0
11,WAS,1.0,0,0.0
2,DET,0.0,1,100.0
4,LAS,0.0,1,94.71698113207547
5,MIN,0.0,0,0.0
8,PHO,0.0,0,0.0
9,SEA,0.0,1,94.71698113207547
10,UTA,0.0,1,100.0
