,tmID,confID_EA,playoff,certainty
0,ATL,1.0,1,87.90983606557377
1,CHI,1.0,1,100.0
3,IND,1.0,1,95.83333333333334
7,ORL,1.0,1,96.52777777777779
11,WAS,1.0,0,3.278688524590164
6,NYL,1.0,0,3.278688524590164
2,DET,0.0,1,95.83333333333334
5,MIN,0.0,0,3.2786885245901636
4,LAS,0.0,1,95.83333333333334
8,PHO,0.0,0,0.0
9,SEA,0.0,1,95.83333333333333
10,UTA,0.0,1,68.06693989071039
