,tmID,confID_EA,playoff,certainty
0,ATL,1.0,1,87.5
1,CHI,1.0,0,0.0
3,IND,1.0,1,100.0
4,NYL,1.0,1,100.0
8,WAS,1.0,0,0.0
2,DET,0.0,0,33.333333333333336
5,PHO,0.0,1,100.0
6,SEA,0.0,1,50.0
7,UTA,0.0,0,37.634408602150536
