,tmID,confID_EA,playoff,certainty
0,ATL,1.0,0,36.638123574911276
1,CHI,1.0,0,26.826884019064337
3,IND,1.0,1,99.97865937974375
6,NYL,1.0,0,0.3702242071727809
7,ORL,1.0,1,75.9879785276588
11,WAS,1.0,0,23.068142596800037
2,DET,0.0,1,99.99999995779945
4,LAS,0.0,1,99.99932910728641
5,MIN,0.0,0,0.009609701357074533
8,PHO,0.0,1,98.70176072075654
9,SEA,0.0,1,99.91055095293466
10,UTA,0.0,1,88.70894875901452
