,tmID,confID_EA,playoff,certainty
0,ATL,1.0,0,2.5080179471046327
1,CHI,1.0,0,15.461478471400712
3,IND,1.0,1,90.08400918724944
6,NYL,1.0,1,100.0
7,ORL,1.0,1,84.77851624141182
11,WAS,1.0,0,7.488001338056629
2,DET,0.0,1,100.0
4,LAS,0.0,1,100.0
5,MIN,0.0,0,20.989277988918598
8,PHO,0.0,0,12.648417035764703
9,SEA,0.0,1,98.36280852544785
10,UTA,0.0,1,89.23747966257015
