,tmID,confID_EA,playoff,certainty
0,ATL,1.0,0,0.8469606013867106
1,CHI,1.0,0,0.0011235605399246076
3,IND,1.0,1,88.91428038236032
6,NYL,1.0,0,0.007778207069341533
7,ORL,1.0,0,28.579162423963524
11,WAS,1.0,0,0.0015186610966900344
2,TUL,0.0,1,78.07815368603914
4,LAS,0.0,1,99.40830039623766
5,MIN,0.0,0,1.961132284426849e-06
8,PHO,0.0,0,0.22330842706937754
9,SEA,0.0,1,97.83484670642311
10,UTA,0.0,0,0.0010383089216767158
