,tmID,confID_EA,playoff,certainty
0,ATL,1.0,0,3.116944530114348e-12
1,CHI,1.0,0,3.0576217453063213e-15
3,IND,1.0,1,57.86322970009737
6,NYL,1.0,0,1.539479556341107e-09
7,ORL,1.0,1,73.82933695004968
11,WAS,1.0,0,1.934023013334024e-14
2,DET,0.0,1,99.95312528884047
4,LAS,0.0,1,99.99509564395888
5,MIN,0.0,0,6.526478303545118e-27
8,PHO,0.0,0,4.7988000745479476e-11
9,SEA,0.0,1,67.9150842145397
10,UTA,0.0,0,3.96356470077323e-11
