,tmID,confID_EA,playoff,certainty
0,ATL,1.0,1,56.295275782099736
1,CHI,1.0,0,39.40217172560375
3,IND,1.0,1,87.22134806269999
6,NYL,1.0,0,30.880186653660004
7,ORL,1.0,1,78.35757419345691
11,WAS,1.0,0,28.202347089400583
2,DET,0.0,1,93.85628648704494
4,LAS,0.0,1,89.4517565916816
5,MIN,0.0,0,10.58229054611557
8,PHO,0.0,1,52.68412626641417
9,SEA,0.0,1,90.53698616334282
10,UTA,0.0,0,18.43941596960757
