,tmID,confID_EA,playoff,certainty
0,ATL,1.0,1,50.45672670023596
1,CHI,1.0,0,37.81600321979694
3,IND,1.0,1,87.56031002347991
6,NYL,1.0,0,28.866783338722584
7,ORL,1.0,1,76.34323006151126
11,WAS,1.0,0,27.063120541192763
2,DET,0.0,1,91.72170308530823
4,LAS,0.0,1,87.44011962753994
5,MIN,0.0,0,11.044753010997647
8,PHO,0.0,1,54.62375669655423
9,SEA,0.0,1,89.51896045888576
10,UTA,0.0,0,19.56209471851183
