,tmID,confID_EA,playoff,certainty
0,ATL,1.0,1,51.28113835170056
1,CHI,1.0,0,40.8138989874271
3,IND,1.0,1,86.61256380310863
6,NYL,1.0,0,25.69468051223734
7,ORL,1.0,1,76.08681885687949
11,WAS,1.0,0,30.8521618130816
2,DET,0.0,1,89.89685287428343
4,LAS,0.0,1,87.14558821829002
5,MIN,0.0,0,11.972795132697826
8,PHO,0.0,1,61.99140435355821
9,SEA,0.0,1,88.56420281286039
10,UTA,0.0,0,16.570376632868268
