,tmID,confID_EA,playoff,certainty
0,ATL,1.0,1,55.09781256886011
1,CHI,1.0,0,35.042490551418275
3,IND,1.0,1,89.58753409103583
6,NYL,1.0,0,31.126141415398646
7,ORL,1.0,1,78.52837856154808
11,WAS,1.0,0,28.884289381557583
2,DET,0.0,1,92.36178373075683
4,LAS,0.0,1,88.6612187992805
5,MIN,0.0,0,12.081621706981505
8,PHO,0.0,1,58.278115519007926
9,SEA,0.0,1,89.62605450420749
10,UTA,0.0,0,19.441033036604697
