,tmID,confID_EA,playoff,certainty
0,ATL,1.0,1,57.282599214338205
1,CHI,1.0,0,6.220920551288134
3,IND,1.0,1,97.52101383060212
6,NYL,1.0,1,53.35561798560661
7,ORL,1.0,1,78.5463086954552
11,WAS,1.0,0,17.669723710736974
2,DET,0.0,1,99.99982537222957
4,LAS,0.0,1,99.99965641385275
5,MIN,0.0,0,0.6273888255180646
8,PHO,0.0,1,55.500269857378576
9,SEA,0.0,1,99.3161534300737
10,UTA,0.0,0,37.07932178731958
