,tmID,confID_EA,playoff,certainty
0,ATL,1.0,1,58.50847596122429
1,CHI,1.0,0,5.861598507664562
3,IND,1.0,1,97.91436264384289
6,NYL,1.0,1,54.468009329337754
7,ORL,1.0,1,78.65827592832109
11,WAS,1.0,0,17.389272425950846
2,DET,0.0,1,99.99990623960215
4,LAS,0.0,1,99.99981069587739
5,MIN,0.0,0,0.5391647989386323
8,PHO,0.0,1,56.647828907288826
9,SEA,0.0,1,99.45365993504988
10,UTA,0.0,0,37.49809208020631
