,tmID,confID_EA,playoff,certainty
0,ATL,1.0,1,57.52378094844711
1,CHI,1.0,0,6.093740223279955
3,IND,1.0,1,97.62352702689408
6,NYL,1.0,1,53.640946389604274
7,ORL,1.0,1,78.70280637832562
11,WAS,1.0,0,17.524273113966213
2,DET,0.0,1,99.99985110909786
4,LAS,0.0,1,99.9997049896097
5,MIN,0.0,0,0.5992170793325984
8,PHO,0.0,1,55.696154268866486
9,SEA,0.0,1,99.35355163761842
10,UTA,0.0,0,37.08710341261551
